claim_id,chapter,claim,source_cited,year,verified,venue_status,currency_note
S5-001,10,PVT three-circuit autonomic hierarchy (ventral/sympathetic/dorsal) grounds Substrate Readiness,Porges Polyvagal Theory,2011,YES,"Foundational theory, real; not in dispute as a clinical framework",Stable. Functional architecture used by v1; not phylogenetic claims.
S5-002,10,Grossman challenged all five basic premises of PVT,"Grossman, P. (2023) 'Fundamental challenges and likely refutations of the five basic premises of the polyvagal theory'",2023,YES,"Biological Psychology (Elsevier), ScienceDirect S0301051123001060, real",Stable 2023 paper. Correctly cited.
S5-003,10,Grossman + 38 co-signers concluded PVT core premises not defensible,"Grossman et al. (2026), 'Why the polyvagal theory is untenable: An international expert evaluation...'",2026,YES,"Clinical Neuropsychiatry 23(1):100-112, Feb 2026. REAL. 39 authors total (Grossman + 38).",CORRECTION: v1 gives no venue. Exact venue = Clinical Neuropsychiatry vol 23 issue 1 pp100-112. Title is more combative ('untenable') than v1 implies.
S5-004,10,Porges responded in the same issue with point-by-point rebuttal,"Porges (2026), 'When a Critique Becomes Untenable: A Scholarly Response to Grossman et al.'",2026,YES,"Clinical Neuropsychiatry 23(1):113-128, Feb 2026. REAL. PubMed 41768026.",CORRECTION: v1 softens Porges' response as 'acknowledging areas requiring further investigation.' Actual title/tone is adversarial ('Untenable'). v1 'same issue' claim VERIFIED true.
S5-005,10,Neuroception operationalized via validated NPSS three-factor instrument,"Cogan et al. (2024), Neuroception of Psychological Safety Scale",2024,YES,"IJERPH 21(12):1551, Dec 2024. REAL. Factors: social engagement, compassion, body sensations.",CURRENCY ADD: a newer community-sample validation exists (Cogan/Morton et al. 2025, Eur J Psychotraumatology, doi 10.1080/20008066.2025.2490329). v1 citation accurate; 2025 follow-up available.
S5-006,10,Porges' updated definitive statement resolving the vagal paradox,"Porges (2023), 'The vagal paradox: A polyvagal solution'",2023,YES,"Comprehensive Psychoneuroendocrinology, real",STALE FRAMING: superseded as 'most updated' by Porges (2025) 'Polyvagal theory: current status...' Clin Neuropsychiatry 22(3):169-184 -- the paper Grossman 2026 directly rebuts.
S5-007,10,Clinical translation of PVT demonstrates operational utility,"Dana (2020; 2023)",2020,UNVERIFIED-ONLINE,"Deb Dana clinical works, widely known; not individually re-verified this pass",Plausible/stable. Low risk. Human should confirm exact 2023 title if cited formally.
S5-008,10,Menakem extends polyvagal to collective/intergenerational substrate,"Menakem, My Grandmother's Hands",2017,UNVERIFIED-ONLINE,"Real book, widely cited; not re-verified this pass",Stable. Low risk.
S5-009,11,FEP: self-organizing systems minimize surprisal,"Friston, Free Energy Principle",2010,YES,Foundational; not in dispute as existing,Stable.
S5-010,11,Comprehensive AI textbook formalizing active inference,"Parr, Pezzulo & Friston (2022), Active Inference: The Free Energy Principle in Mind, Brain, and Behavior",2022,YES,"MIT Press, real, canonical",Stable. Still the standard reference June 2026.
S5-011,11,TTOM maps cultural learning to shared generative models,"Veissiere et al. (2020), 'Thinking Through Other Minds'",2020,YES,"Behavioral and Brain Sciences, real",Stable.
S5-012,11,Active inference as basis for collective intelligence ecosystems,"Friston et al. (2024), 'Designing ecosystems of intelligence from first principles'",2024,YES,"Collective Intelligence 3(1), SAGE, 2024. REAL. (arXiv 2212.01354 = 2022 preprint).",Accurate. Journal version is 2024; note long author list incl Ramstead, Kiefer.
S5-013,11,Coupled active inference / second-person neuroscience as bidirectional update,"Lehmann, Bolis et al. (2024)",2024,UNVERIFIED-ONLINE,"Bolis second-person neuroscience line is real; this exact 2024 cite not individually confirmed this pass",MEDIUM RISK. Human should confirm exact author order/venue. Bolis & Schilbach 'dialectical misattunement' corpus is real.
S5-014,11,Markov blanket definitions across FEP are non-equivalent,"Biehl et al. (2021)",2021,YES,"'A technical critique of the free energy principle as presented in Life as we know it', real critique",Stable. Critique still stands; not resolved.
S5-015,11,FEP and enactivism fundamentally incompatible in key respects,"Di Paolo, Thompson & Beer (2022), 'Laying down a forking path'",2022,YES,"Phenomenology and the Cognitive Sciences / Possibility Studies, real",Stable. Tension UNRESOLVED -- per invariant, must remain held as geometry not smoothed.
S5-016,17,Autopoiesis as self-production of organization,"Maturana & Varela (1980), Autopoiesis and Cognition",1980,YES,Foundational; real,Stable.
S5-017,17,Varela's Principles of Biological Autonomy reissued annotated edition,"Varela, Principles of Biological Autonomy, annotated edn (2025), eds Di Paolo & Thompson",2025,PARTIAL,"Di Paolo/Thompson annotated reissue is a real announced project; exact 2025 pub status not confirmed this pass",MEDIUM RISK. Confirm 2025 vs 2026 publication date and publisher before formal citation.
S5-018,17,Embodied Mind revised edition with new 4E introductions,"Varela, Thompson & Rosch (2017), The Embodied Mind, rev. edn",2017,YES,"MIT Press revised edition, real",Stable.
S5-019,17,Linguistic Bodies extends enactivism to language,"Di Paolo, Cuffari & De Jaegher (2018)",2018,YES,"MIT Press, real",Stable.
S5-020,17,Current 4E overview integrating enactivist + predictive processing,"Gallagher (2023), Embodied and Enactive Approaches to Cognition",2023,YES,"Cambridge University Press Elements, real",Stable.
S5-021,18,Category theory as mathematics of structural similarity (functors/natural transformations),"(framework's own categorical formalization)",,N/A,Method claim not a citation,"Formal claim remains UNVERIFIED by proof per v1's own admission (Ch18.6). S4 territory."
S5-022,18,Canonical accessible ACT entry point,"Fong & Spivak (2019), Seven Sketches in Compositionality",2019,YES,"Cambridge University Press / arXiv 1803.05316, real",Stable. Still canonical entry June 2026.
S5-023,18,Physics of higher-order interactions requires simplicial complexes/hypergraphs,"Battiston et al. (2021), 'The physics of higher-order interactions'",2021,YES,"Nature Physics 17(10):1093-1098, Oct 2021. REAL. DOI 10.1038/s41567-021-01371-4.",Accurate. Foundational predecessor = Battiston et al. (2020) Physics Reports 'Networks beyond pairwise interactions.'
S5-024,18,Comprehensive math treatment of higher-order networks,"Bianconi (2021), Higher-Order Networks",2021,YES,"Cambridge University Press Elements, real",Stable.
S5-025,18,Compositional game theory,"Ghani et al. (2018)",2018,YES,"'Compositional Game Theory' LICS 2018, real",Stable.
S5-026,18,Categorical systems theory,"Myers (2022), Categorical Systems Theory",2022,YES,"Book draft widely circulated, real",Stable. Confirm final publication status if formal cite.
S5-027,18,Cross-domain isomorphisms physics/logic/topology/computation,"Baez & Stay (2011), 'Physics Topology Logic and Computation: A Rosetta Stone'",2011,YES,"In New Structures for Physics (Springer), real",Stable.
S5-028,19,Ostrom eight design principles for commons,"Ostrom (1990), Governing the Commons",1990,YES,Foundational; real,Stable.
S5-029,19,Commoning as social practice,"Bollier & Helfrich (2019), Free Fair and Alive",2019,YES,"New Society Publishers, real",Stable.
S5-030,19,Knowledge as a commons,"Hess & Ostrom (2007/2011), Understanding Knowledge as a Commons",2007,YES,"MIT Press, real",Stable.
S5-031,19,Commons within peer production / platform cooperativism,"Bauwens, Kostakis & Pazaitis (2019), Peer to Peer: The Commons Manifesto",2019,YES,"University of Westminster Press, real",Stable.
S5-032,20,Dissipative structures: order through fluctuation,"Prigogine",1977,YES,Foundational; real,Stable.
S5-033,20,Assembly Theory: physics-based complexity/life measure (assembly index),"Cronin & Walker (2023), 'Assembly theory explains and quantifies selection and evolution'",2023,YES,"Nature 622:321-328, 2023. REAL.",STILL CONTESTED (NOT resolved). Multiple 2024 critiques (Hazen et al. JME 2024; Zenil; arXiv 2408.15108 'reduced to Shannon entropy'). Nature found authors at fault for undisclosed competing interests during review. Templated-AT extension arXiv 2602.04889 (2026). Debate live June 2026.
S5-034,20,Complexity economics: economies as far-from-equilibrium adaptive systems,"Arthur (2021), 'Foundations of Complexity Economics'",2021,YES,"Nature Reviews Physics 3:136-145, 2021. REAL.",Stable.
S5-035,20,Adjacent possible / biosphere creativity not reducible to physics,"Kauffman (2019), A World Beyond Physics",2019,YES,"Oxford University Press, real",Stable.
S5-036,21,Constructive-developmental theory / orders of consciousness,"Kegan (1982; 1994)",1982,YES,Foundational; real,Stable.
S5-037,21,91%+ of developmental psych participants are WEIRD,"Nielsen et al. (2023)",2023,PARTIAL,"WEIRD-sample critique is real (orig. Nielsen et al. 2017 J Exp Child Psych ~92%); a 2023 restatement plausible but exact 2023 cite not confirmed this pass",MEDIUM RISK. The 92% WEIRD figure traces to Nielsen et al. 2017. Confirm whether a 2023 source restates it or whether year should be 2017.
S5-038,21,Development is non-linear / dynamic skill theory,"Fischer; Mascolo & Bidell (2020)",2020,UNVERIFIED-ONLINE,"Dynamic Skill Theory (Fischer) real; exact 2020 Mascolo & Bidell cite not confirmed",LOW-MEDIUM RISK. Confirm 2020 chapter/edition.
S5-039,21,STAGES model extends Cook-Greuter to twelve stages,"O'Fallon (2020)",2020,UNVERIFIED-ONLINE,"STAGES model (Terri O'Fallon) real; ~36000 sentence-completion figure not re-verified",LOW RISK. Confirm exact 2020 publication.
S5-040,21,CLAS most psychometrically rigorous developmental assessment,"Dawson, Computerized Lectical Assessment System",,UNVERIFIED-ONLINE,"Theo Dawson / Lectica CLAS is real; 50000+ assessments figure not re-verified",LOW RISK.
S5-041,22,Percolation threshold as phase transition in networks,"(network science standard)",,YES,Standard result; not a contested cite,Stable.
S5-042,22,Higher-order interactions need simplicial complexes,"Battiston et al. (2021)",2021,YES,"Nature Physics, see S5-023",Stable.
S5-043,22,Dynamics on higher-order structures differ from graphs,"Boccaletti et al. (2023)",2023,YES,"'The structure and dynamics of networks with higher order interactions' Physics Reports 1018 (2023), real",CURRENCY ADD: now complemented by Nature Reviews Physics (2025) 'Collective dynamics on higher-order networks' (doi 10.1038/s42254-025-00916-3) -- more current review to cite alongside.
S5-044,22,Scale-free networks rigorous open-access text,"Barabasi (2016), Network Science",2016,YES,"Cambridge UP / open access networksciencebook.com, real",Stable.
S5-045,23,Peirce triadic sign / interpretant,"Peirce (Collected Papers)",,YES,Foundational; real,Stable.
S5-046,23,Uexkull Umwelt,"von Uexkull",1934,YES,Foundational; real,Stable.
S5-047,23,Active inference formalizes Peircean abduction (interpretant = Bayesian posterior),"Pietarinen & Beni (2021), 'Active Inference and Abduction'",2021,YES,"Biosemiotics 14(2):499-517, Aug 2021. REAL. Won 2021 Biosemiotic Achievement Award (confirmed, Biosemiotics 2022 award notice).",Accurate including the award claim. Stable.
S5-048,23,Molecular semiosis below cellular level,"Deacon (2021, 2023)",2021,UNVERIFIED-ONLINE,"Terrence Deacon work on constraint/semiosis real; exact 2021/2023 cites not confirmed",MEDIUM RISK. Confirm specific Deacon 2021 and 2023 titles/venues.
S5-049,23,Neurosemiotics as biosemiotics-neuroscience bridge,"Kull & Favareau (2022)",2022,UNVERIFIED-ONLINE,"Kull & Favareau are real biosemioticians; exact 2022 'neurosemiotics' cite not confirmed",MEDIUM RISK. Confirm venue/title.
S5-050,23,Code biology: organic codes as semiosis without interpretation,"Barbieri (2025)",2025,UNVERIFIED-ONLINE,"Marcello Barbieri code biology real and ongoing; exact 2025 cite not confirmed",MEDIUM RISK. Confirm 2025 publication.
S5-051,24,Relational ontology / braiding sweetgrass,"Kimmerer (2013); Yunkaporta (2019), Sand Talk",2013,YES,"Both real, widely cited",Stable.
S5-052,24,Two-Eyed Seeing / Etuaptmumk,"Bartlett et al. (2012)",2012,YES,"Bartlett, Marshall & Marshall, J Environ Studies Sci, real",Stable.
S5-053,24,Caretaking relations as ethical foundation,"TallBear (2019)",2019,UNVERIFIED-ONLINE,"Kim TallBear caretaking-relations work real; exact 2019 cite not confirmed",LOW-MEDIUM RISK.
S5-054,24,Indigenous climate justice / kinship obligations,"Whyte (2020)",2020,UNVERIFIED-ONLINE,"Kyle Whyte real and prolific; exact 2020 cite not confirmed",LOW-MEDIUM RISK.
S5-055,24,Western science categories reproduce colonial relations,"Liboiron (2021), Pollution is Colonialism",2021,YES,"Duke University Press, real",Stable.
S5-056,24,Gift economy of the natural world,"Kimmerer (2024), The Serviceberry",2024,YES,"Scribner / Penguin 2024. REAL. NYT bestseller.",Accurate. Stable.
S5-057,25,Mycorrhizal networks: trees exchange resources via fungal threads,"Simard et al.",1997,YES,"Simard 1997 Nature carbon-transfer paper real; underlying biology not in dispute",Stable for the biology; the 'Wood Wide Web' narrative is what's contested (see S5-058).
S5-058,25,Karst et al. challenged Wood Wide Web / CMN cooperative-sharing claims,"Karst, Jones & Hoeksema (2023)",2023,YES,"Nature Ecology & Evolution 7:501-511, 2023. REAL. Exact title: 'Positive citation bias and overinterpreted results lead to misinformation on common mycorrhizal networks in forests.'",CURRENCY MOVEMENT: Simard et al. published a formal REBUTTAL 21 Jan 2025: 'Response to questions about common mycorrhizal networks' (Frontiers in Forests and Global Change, ffgc.2024.1512518). Also Robinson et al. 2023 'Belowground carbon transfer... Facts not fantasy.' Debate ACTIVE; v1's 'contested, not settled' stance still correct and now better-supported.
S5-059,16,Spirit of the gift / obligation moves forward,"Hyde, The Gift",1983,YES,Foundational; real,Stable.
S5-060,6,Panarchy adaptive cycle as non-linear succession,"Gunderson & Holling (2002), Panarchy",2002,YES,"Island Press, real",Stable.
